test,ARIMA,SARIMA,baseline
0.0038461538461538464,0.10006389615139252,0.009515660986636202,0.0019230769230769232
0.07115384615384616,0.11614589465425522,0.07874687895481677,0.0038461538461538464
0.5807692307692308,0.15637154915304027,0.3798148979207368,0.07115384615384616
0.4076923076923077,0.3642219207273247,0.2623132485031299,0.5807692307692308
0.5923076923076923,0.20566567771451005,0.22900551189603277,0.4076923076923077
0.06538461538461539,0.2398384574852241,0.058155715464428714,0.5923076923076923
0.09423076923076924,-0.04676569404795715,0.08472179255690035,0.06538461538461539
0.025,-0.0006334736123217444,0.17540371334283017,0.09423076923076924
0.057692307692307696,-0.0063003188990956305,0.08304665202647568,0.025
0.0,0.03795254032824716,0.004204457352646077,0.057692307692307696
0.0019230769230769232,0.0343552229908292,0.006344742261477363,0.0
0.0019230769230769232,0.06150397807149027,0.008282621305715223,0.0019230769230769232
0.0038461538461538464,0.0825848219881216,0.00929611521786201,0.0019230769230769232
0.057692307692307696,0.10130230218602745,0.07427195543872255,0.0038461538461538464
0.2826923076923077,0.1384018603288249,0.3748678610514914,0.057692307692307696
0.19230769230769232,0.2340320136084425,0.2573580493644857,0.2826923076923077
0.38269230769230766,0.1621824683663793,0.22701400079161546,0.19230769230769232
0.04038461538461539,0.22578575734836964,0.060195949466620026,0.38269230769230766
0.5942307692307692,0.04234260788994425,0.0793259555933909,0.04038461538461539
0.0,0.2870749739503117,0.16664769432588047,0.5942307692307692
0.08653846153846154,-0.02871788129736004,0.0811459270391976,0.0
0.0,0.0417093733092266,0.004537386026341017,0.08653846153846154
0.0019230769230769232,0.023003527336911217,0.006608245680956316,0.0
0.0019230769230769232,0.0519086972075635,0.008347195607488301,0.0019230769230769232
0.0038461538461538464,0.07601811074545038,0.009210234829199394,0.0019230769230769232
0.09807692307692308,0.09624538865424133,0.07403174692407487,0.0038461538461538464
0.26346153846153847,0.14921906411647623,0.3783061245689262,0.09807692307692308
0.27884615384615385,0.21130603940941134,0.2595589254103622,0.26346153846153847
0.1980769230769231,0.18704803792525426,0.2323896074485316,0.27884615384615385
0.04038461538461539,0.12751075279121799,0.05927552335183654,0.1980769230769231
0.0,0.05660073171613163,0.0794021720703334,0.04038461538461539
0.007692307692307693,0.05982720309053621,0.16623621608940806,0.0
0.057692307692307696,0.08564289355690174,0.08333555733417056,0.007692307692307693
0.0,0.12297193294554917,0.004598430248219646,0.057692307692307696
0.0019230769230769232,0.1070328219863928,0.006655011736972246,0.0
0.0019230769230769232,0.12316619155095501,0.008273884389489011,0.0019230769230769232
0.025,0.13531853904171146,0.009577130297755603,0.0019230769230769232
0.07692307692307693,0.15418124269023675,0.07468712667156116,0.025
0.28076923076923077,0.17924262002479233,0.37882231870710864,0.07692307692307693
0.17884615384615388,0.2539686051649026,0.2601326842250794,0.28076923076923077
0.17884615384615388,0.17587627970096292,0.23262061201633552,0.17884615384615388
0.06346153846153846,0.16065298647414822,0.05953343388073139,0.17884615384615388
0.05384615384615385,0.10313802186317828,0.08010314699530664,0.06346153846153846
0.7000000000000001,0.10806002749059607,0.1671810286410096,0.05384615384615385
0.05961538461538462,0.36547218626827105,0.08370870590836749,0.7000000000000001
0.0,0.01869968817664193,0.004923362323980738,0.05961538461538462
0.0019230769230769232,0.01834330650823926,0.0069851246887646665,0.0
0.0019230769230769232,0.04770739239808211,0.008622665642882815,0.0019230769230769232
0.0038461538461538464,0.07186106790817676,0.009915410022321625,0.0019230769230769232
0.09615384615384616,0.09262245622709424,0.07502218307543487,0.0038461538461538464
0.34423076923076923,0.14429959236949277,0.3789218585660038,0.09615384615384616
0.26153846153846155,0.23642014593504382,0.26031093500031693,0.34423076923076923
0.1903846153846154,0.16221268254579607,0.23260593610509933,0.26153846153846155
0.04038461538461539,0.11297618691237825,0.05993166275140463,0.1903846153846154
0.09615384615384616,0.04972719722427582,0.08041525764360695,0.04038461538461539
0.2423076923076923,0.09039031954260868,0.16751390263927465,0.09615384615384616
0.057692307692307696,0.15225696904467426,0.08389701113658292,0.2423076923076923
0.0,0.06449380568981272,0.005253921262039042,0.057692307692307696
0.0019230769230769232,0.05835416572004984,0.007316382563642126,0.0
0.0019230769230769232,0.08179449932098547,0.008960956475425212,0.0019230769230769232
0.0057692307692307696,0.10077280496759945,0.010225232118521992,0.0019230769230769232
0.09615384615384616,0.11786345355262969,0.07531317826498124,0.0057692307692307696
0.43653846153846154,0.16489262118667442,0.3792329400248083,0.09615384615384616
0.20384615384615384,0.2888916050183902,0.2606145765895006,0.43653846153846154
0.22884615384615387,0.13954013599676438,0.23294107827166774,0.20384615384615384
0.05961538461538462,0.13637199693890403,0.06024587102164342,0.22884615384615387
0.4076923076923077,0.058085104084644734,0.08070431841504734,0.05961538461538462
0.021153846153846155,0.20445327993033052,0.1677859601773009,0.4076923076923077
0.057692307692307696,0.015054061193934418,0.084213382231391,0.021153846153846155
0.0,0.055680418381177904,0.005566861592667567,0.057692307692307696
0.0019230769230769232,0.05104408028603373,0.007628949678992533,0.0
0.0019230769230769232,0.0756607455257718,0.009271969190765738,0.0019230769230769232
0.0057692307692307696,0.09567313425220236,0.010538256933779971,0.0019230769230769232
0.11346153846153847,0.11304006847849864,0.07562728891377635,0.0057692307692307696
0.3615384615384616,0.1671913971703964,0.3795616105480377,0.11346153846153847
0.17500000000000002,0.25375718984296225,0.2609384148634471,0.3615384615384616
0.3019230769230769,0.1358431247035546,0.23327614511721076,0.17500000000000002
0.04038461538461539,0.17452942335936014,0.06055474883678858,0.3019230769230769
0.0903846153846154,0.047821315982343654,0.08102002820613133,0.04038461538461539
0.03653846153846154,0.0864843713967356,0.16810109333733297,0.0903846153846154
0.057692307692307696,0.07480108203623329,0.08453596831607985,0.03653846153846154
0.0,0.09891504809770155,0.0058802495438245485,0.057692307692307696
0.0019230769230769232,0.0874575226021731,0.007942308976812456,0.0
0.007692307692307693,0.10652868523840414,0.00958493800901404,0.0019230769230769232
0.0057692307692307696,0.12354401033713469,0.010853005021129923,0.007692307692307693
0.1,0.13422156618359599,0.07594322502720338,0.0057692307692307696
0.5980769230769232,0.17956718459658216,0.379875549631126,0.1
0.20576923076923076,0.3586169165055426,0.2612530676160287,0.5980769230769232
0.17692307692307693,0.12149311486654917,0.2335882046286178,0.20576923076923076
0.05384615384615385,0.10072102159150742,0.06086940087888187,0.17692307692307693
0.13461538461538464,0.051418201838137514,0.08133601734356292,0.05384615384615385
0.11153846153846154,0.09923510964957037,0.16841822770070836,0.13461538461538464
0.11346153846153847,0.0920991136129414,0.08484984184703384,0.11153846153846154
0.0,0.09790454382209827,0.00619477566133862,0.11346153846153847
0.0019230769230769232,0.05997414682686637,0.008256860974095484,0.0
0.0019230769230769232,0.08316572009045822,0.009899610377142867,0.0019230769230769232
0.0057692307692307696,0.10171653813922085,0.011167462453297685,0.0019230769230769232
0.15384615384615385,0.11874413803716798,0.07625755589403238,0.0057692307692307696
0.3,0.18679258395602774,0.38018901544606226,0.15384615384615385
0.225,0.2267741846338513,0.2615668181699682,0.3
0.33076923076923076,0.16208866038887737,0.23390133693374723,0.225
0.04038461538461539,0.18304455713299686,0.061184135556047105,0.33076923076923076
0.0,0.04153489541155035,0.08165024055874348,0.04038461538461539
0.0,0.04750109440508994,0.16873243569298224,0.0
0.28461538461538466,0.0721056746119296,0.08516371093525756,0.0
0.0,0.1979650572711484,0.006509219508925268,0.28461538461538466
0.0019230769230769232,0.06245644276197214,0.008571305505324336,0.0
0.0019230769230769232,0.08527803186777318,0.010214075007119097,0.0019230769230769232
0.0057692307692307696,0.10364378469664087,0.011481820019811347,0.0019230769230769232
0.05961538461538462,0.12039339699394629,0.07657184118715982,0.0057692307692307696
0.31923076923076926,0.15298208694338575,0.3805034722523257,0.05961538461538462
0.27884615384615385,0.25082711265913993,0.2618812148158801,0.31923076923076926
0.7000000000000001,0.19319701544289103,0.23421593285632686,0.27884615384615385
0.05384615384615385,0.3210083108978245,0.06149848657259235,0.7000000000000001
0.5326923076923077,-0.016220245440227557,0.0819645273604179,0.05384615384615385
0.0,0.18865548283207276,0.1690466478689029,0.5326923076923077
0.05961538461538462,0.09296430843545425,0.08547815333638285,0.0
0.0,0.06850658544137256,0.006823592306986409,0.05961538461538462
0.0019230769230769232,0.10290145845354688,0.008885676569299493,0.0
0.0019230769230769232,0.03302936868441775,0.010528437220327275,0.0019230769230769232
0.0057692307692307696,0.11029558484752446,0.011796201340517136,0.0019230769230769232
0.07692307692307693,0.03264358465272725,0.07688623418768374,0.0057692307692307696
0.47884615384615387,0.1407658548911552,0.38081791419502087,0.07692307692307693
0.17500000000000002,0.23383460198785078,0.2621956408208315,0.47884615384615387
0.21153846153846156,0.18044809438627935,0.23453039028029812,0.17500000000000002
0.04038461538461539,0.11874582132249936,0.06181284996028754,0.21153846153846156
0.0,0.11640960045730925,0.08227892737218823,0.04038461538461539
0.0,0.026831875905606706,0.16936105234563156,0.0
0.11346153846153847,0.11205759395613604,0.08579256942058192,0.0
0.0,0.07439139672633122,0.0071379738143363064,0.11346153846153847
0.0019230769230769232,0.1137737079602811,0.009200058112163923,0.0
0.0019230769230769232,0.11014177227240067,0.010842817851898395,0.0019230769230769232
0.0057692307692307696,0.07570143650962903,0.012110588127824248,0.0019230769230769232
0.04807692307692308,0.13918104256376196,0.07720062518699673,0.0057692307692307696
0.3942307692307693,0.16449669732052796,0.3811322916407473,0.04807692307692308
0.2730769230769231,0.2894989495465947,0.26251002296358916,0.3942307692307693
0.9365384615384617,0.18950633758856494,0.23484475785650216,0.2730769230769231
0.04038461538461539,0.41576227586275866,0.06212723801077245,0.9365384615384617
0.013461538461538462,0.14301845707850858,0.08259331794685702,0.04038461538461539
0.0,0.024044739237587445,0.1696754476219068,0.013461538461538462
0.1,0.1211214252687656,0.08610694901404012,0.0
0.0,0.061104137209886056,0.007452359591058446,0.1
0.0019230769230769232,0.12691213812134397,0.009514444001304889,0.0
0.0019230769230769232,0.028746850270294402,0.011157204365533496,0.0019230769230769232
0.0057692307692307696,0.12756303284067272,0.012424973098873188,0.0019230769230769232
0.07115384615384616,0.028217188310947786,0.07751500919426227,0.0057692307692307696
0.5192307692307693,0.15315710498364868,0.38144667305768787,0.07115384615384616
0.2730769230769231,0.2269131023289201,0.26282440521090195,0.5192307692307693
0.2692307692307693,0.2353194332138137,0.23515913871316746,0.2730769230769231
0.05,0.1274380262861578,0.0624416241028165,0.2692307692307693
0.13076923076923078,0.14931765026995822,0.08290770151263586,0.05
0.07884615384615384,0.07186602717659307,0.1699898306757677,0.13076923076923078
0.12307692307692308,0.15328044043977263,0.08642133203225483,0.07884615384615384
0.0,0.0654810983123372,0.007766744596734345,0.12307692307692308
0.0057692307692307696,0.12774909250816605,0.00982882899942697,0.0
0.007692307692307693,0.02440421436309853,0.011471589394615279,0.0057692307692307696
0.0057692307692307696,0.1271846638257642,0.012739357794630285,0.007692307692307693
0.05,0.02170907183888117,0.07782939365768814,0.0057692307692307696
0.2557692307692308,0.13987153962827223,0.3817610585328855,0.05
0.1826923076923077,0.11954738568435334,0.26313879033859155,0.2557692307692308
0.39038461538461544,0.19209360587224228,0.23547352486358059,0.1826923076923077
0.04038461538461539,0.17563261372186567,0.0627560086634538,0.39038461538461544
0.3865384615384616,0.14447052313084138,0.08322208602448533,0.04038461538461539
0.4980769230769231,0.1614908070454795,0.1703042149021079,0.3865384615384616
0.11346153846153847,0.31727245734532517,0.08673571729185603,0.4980769230769231
0.0,0.06641407634958937,0.008081129357360039,0.11346153846153847
0.0019230769230769232,0.12645180296725714,0.010143213753008414,0.0
0.009615384615384616,0.023686600091829726,0.01178597410568093,0.0019230769230769232
0.0057692307692307696,0.12508041707464693,0.013053742622636949,0.009615384615384616
0.07307692307692308,0.029884364428886395,0.0781437785598751,0.0057692307692307696
0.29615384615384616,0.14613727794856488,0.38207544355850315,0.07307692307692308
0.38461538461538464,0.14554073444369015,0.2634531753257167,0.29615384615384616
0.21730769230769234,0.2726573448266463,0.23578790989471407,0.38461538461538464
0.05,0.10983586023693234,0.06307039342399337,0.21730769230769234
0.0,0.1377767544925328,0.08353647095346554,0.05
0.28461538461538466,0.030601096625251192,0.1706185998780131,0.0
0.057692307692307696,0.22072316960617117,0.08705010222214928,0.28461538461538466
0.0,0.05536501169986277,0.008395514180078192,0.057692307692307696
0.0019230769230769232,0.11193923147996453,0.010457598576550396,0.0
0.0019230769230769232,0.03554505425112177,0.012100358929159687,0.0019230769230769232
0.0057692307692307696,0.11530447207750065,0.013368127462614027,0.0019230769230769232
0.0903846153846154,0.03793401004455582,0.07845816341169186,0.0057692307692307696
0.6903846153846154,0.14661983327275022,0.38238982833803736,0.0903846153846154
0.2230769230769231,0.2993160544120944,0.2637675601298964,0.6903846153846154
0.17115384615384616,0.20315312341192848,0.236102294629577,0.2230769230769231
0.04038461538461539,0.09362495173053655,0.06338477827598989,0.17115384615384616
0.0903846153846154,0.1336727890024473,0.08385085580085345,0.04038461538461539
0.0,0.06849401378022432,0.17093298474200372,0.0903846153846154
0.057692307692307696,0.11720761000828252,0.08736448702028958,0.0
0.0,0.04869704587602612,0.0087098990160337,0.057692307692307696
0.0019230769230769232,0.11794347226568908,0.010771983412931037,0.0
0.0019230769230769232,0.031840959528966734,0.012414743768339927,0.0019230769230769232
0.0057692307692307696,0.11602797659990755,0.013682512293336219,0.0019230769230769232
0.046153846153846156,0.03190359833879265,0.07877254823698501,0.0057692307692307696
0.35769230769230775,0.13271630520735855,0.3827042131585661,0.046153846153846156
0.5692307692307693,0.1689947778742088,0.26408194495181325,0.35769230769230775
0.17115384615384616,0.3322117124898638,0.23641667945181624,0.5692307692307693
0.05961538461538462,0.09657697499946506,0.06369916311059214,0.17115384615384616
1.0,0.13436158825260297,0.08416524062458969,0.05961538461538462
0.0038461538461538464,0.4225085970665227,0.17124736956188266,1.0
0.057692307692307696,0.12710393946993392,0.08767887184622516,0.0038461538461538464
0.0,0.04996794015267318,0.00902428384729039,0.057692307692307696
0.0019230769230769232,0.11995333337246189,0.011086368244113801,0.0
0.0019230769230769232,0.026834161805809817,0.012729128599396912,0.0019230769230769232
0.0057692307692307696,0.12132931700242973,0.013996897123700516,0.0019230769230769232
0.046153846153846156,0.03137244880349631,0.07908693306682248,0.0057692307692307696
0.5576923076923077,0.13356183625120197,0.38301859799337945,0.046153846153846156
0.17500000000000002,0.23605296965158576,0.264396329784941,0.5576923076923077
0.17115384615384616,0.18780599553718944,0.23673106428948862,0.17500000000000002
0.04038461538461539,0.09014911953633432,0.06401354793998575,0.17115384615384616
0.0,0.14231581813753932,0.08447962545479078,0.04038461538461539
0.11923076923076924,0.029022845107894657,0.1715617543911707,0.0
0.09615384615384616,0.16391663010648871,0.08799325667956368,0.11923076923076924
0.0,0.06280678324400213,0.009338668677894464,0.09615384615384616
0.0019230769230769232,0.12093893182888764,0.011400753074693343,0.0
0.0019230769230769232,0.031386264729828306,0.013043513429798136,0.0019230769230769232
0.0057692307692307696,0.11967400783612793,0.014311281954690256,0.0019230769230769232
0.046153846153846156,0.03222218655256483,0.07940131789819378,0.0057692307692307696
0.34423076923076923,0.13664883611751488,0.3833329828248332,0.046153846153846156
0.1826923076923077,0.15543608745831533,0.2647107146163816,0.34423076923076923
0.20576923076923076,0.19071320210788303,0.2370454491206971,0.1826923076923077
0.04038461538461539,0.10522689398579149,0.06432793277076523,0.20576923076923076
0.0019230769230769232,0.13700869870037163,0.08479401028624754,0.04038461538461539
0.12115384615384615,0.03043274739925067,0.17187613922292355,0.0019230769230769232
0.057692307692307696,0.16375170815802761,0.08830764151073014,0.12115384615384615
0.0,0.049991351765718506,0.009653053508837835,0.057692307692307696
0.0019230769230769232,0.11876215928656383,0.011715137905642716,0.0
0.0019230769230769232,0.03282998479002529,0.013357898260764058,0.0019230769230769232
0.0057692307692307696,0.11906355855581759,0.014625666785674427,0.0019230769230769232
0.05961538461538462,0.031391973829647174,0.0797157027291949,0.0057692307692307696
0.2653846153846154,0.13964083459185606,0.38364736765550317,0.05961538461538462
0.5673076923076923,0.12824180142809707,0.2650250994471631,0.2653846153846154
0.2,0.3269148119567104,0.23735983395119048,0.5673076923076923
0.04038461538461539,0.1080657962347196,0.06464231760182308,0.2
0.0,0.13160563253027155,0.08510839511722085,0.04038461538461539
0.275,0.034719209310742655,0.17219052405394317,0.0
0.05961538461538462,0.215377335495528,0.08862202634151053,0.275
0.0,0.05918733854965626,0.009967438339808442,0.05961538461538462
0.0038461538461538464,0.11239841715314025,0.012029522736614659,0.0
0.0038461538461538464,0.03946417334407279,0.013672283091746963,0.0038461538461538464
0.0057692307692307696,0.11220732562942351,0.014940051616617774,0.0038461538461538464
0.046153846153846156,0.03938107003846407,0.08003008756011236,0.0057692307692307696
0.2557692307692308,0.12888886146733497,0.3839617524864306,0.046153846153846156
0.1903846153846154,0.1294708770981159,0.26533948427808624,0.2557692307692308
0.17115384615384616,0.18142924729446663,0.2376742187821422,0.1903846153846154
0.06730769230769232,0.099051288517684,0.06495670243277683,0.17115384615384616
0.0,0.1369053830878782,0.08542277994813398,0.06730769230769232
0.11923076923076924,0.03817702780722591,0.1725049088848347,0.0
0.0903846153846154,0.15419864908855463,0.08893641117245174,0.11923076923076924
0.0,0.07231367742244037,0.010281823170755494,0.0903846153846154
0.0019230769230769232,0.11120438490119411,0.012343907567561253,0.0
0.0038461538461538464,0.03977780626221854,0.013986667922691959,0.0019230769230769232
0.0057692307692307696,0.1130240148799429,0.015254436447563404,0.0038461538461538464
0.16153846153846155,0.04839608647450294,0.08034447239105807,0.0057692307692307696
0.3,0.1696160310838642,0.3842761373173976,0.16153846153846155
0.17500000000000002,0.14745288272389187,0.26565386910904615,0.3
0.17115384615384616,0.17463031819262081,0.23798860361311974,0.17500000000000002
0.04038461538461539,0.1011742695765575,0.06527108726371716,0.17115384615384616
0.0,0.1252347413790394,0.08573716477908175,0.04038461538461539
0.11923076923076924,0.039113073306993706,0.17281929371578042,0.0
0.057692307692307696,0.15335299169769373,0.0892507960034109,0.11923076923076924
0.0,0.05987359238209206,0.010596208001701867,0.057692307692307696
0.0038461538461538464,0.10879791564877128,0.01265829239850756,0.0
0.007692307692307693,0.04098472417624542,0.01430105275363762,0.0038461538461538464
0.0057692307692307696,0.11199037224934291,0.01556882127851164,0.007692307692307693
0.046153846153846156,0.040419840273739266,0.08065885722200801,0.0057692307692307696
0.2576923076923077,0.12602726305177514,0.3845905221483459,0.046153846153846156
0.17500000000000002,0.1348007885512737,0.26596825393999496,0.2576923076923077
0.21153846153846156,0.17266269838834497,0.23830298844406586,0.17500000000000002
0.04423076923076923,0.11595041944215029,0.06558547209466488,0.21153846153846156
0.0,0.1261463431068724,0.0860515496100318,0.04423076923076923
0.013461538461538462,0.03999146409623941,0.17313367854673198,0.0
0.057692307692307696,0.11417688896805839,0.08956518083435858,0.013461538461538462
0.0,0.06074311311016586,0.010910592832649751,0.057692307692307696
0.0019230769230769232,0.10770557102184365,0.012972677229455476,0.0
0.0019230769230769232,0.03876609991385502,0.01461543758458567,0.0019230769230769232
0.0057692307692307696,0.10960932724790098,0.01588320610945953,0.0019230769230769232
0.046153846153846156,0.041699567147574015,0.08097324205295581,0.0057692307692307696
0.45769230769230773,0.12500631648246446,0.38490490697929236,0.046153846153846156
0.1826923076923077,0.204185080941704,0.26628263877094194,0.45769230769230773
0.21153846153846156,0.17516443997838332,0.2386173732750118,0.1826923076923077
0.05384615384615385,0.11599441397841223,0.06589985692561319,0.21153846153846156
0.0,0.12953677375042577,0.08636593444097951,0.05384615384615385
0.0,0.03885436680438645,0.17344806337767976,0.0
0.06346153846153846,0.10988900568807379,0.08987956566530565,0.0
0.0,0.06264524738329894,0.011224977663597658,0.06346153846153846
0.0019230769230769232,0.10814411601704836,0.013287062060403386,0.0
0.0019230769230769232,0.039466253600368775,0.014929822415533617,0.0019230769230769232
0.0057692307692307696,0.11018478541111995,0.016197590940407312,0.0019230769230769232
0.046153846153846156,0.03952902340870351,0.08128762688390348,0.0057692307692307696
0.25961538461538464,0.12349483214562854,0.3852192918102402,0.046153846153846156
0.2557692307692308,0.13275958920538405,0.2665970236018897,0.25961538461538464
0.21923076923076926,0.20138876382526077,0.2389317581059598,0.2557692307692308
0.04038461538461539,0.11827999323293205,0.06621424175656096,0.21923076923076926
0.028846153846153848,0.12409579435122642,0.08668031927192715,0.04038461538461539
0.08846153846153847,0.05004300263590061,0.1737624482086273,0.028846153846153848
0.057692307692307696,0.1405291361725238,0.09019395049625348,0.08846153846153847
0.0,0.06029707097571609,0.011539362494545433,0.057692307692307696
0.0019230769230769232,0.10880688640352931,0.01360144689135116,0.0
0.009615384615384616,0.041002167751081994,0.01524420724648138,0.0019230769230769232
0.0057692307692307696,0.11066113587809331,0.016511975771355093,0.009615384615384616
0.046153846153846156,0.04230451366298489,0.08160201171485128,0.0057692307692307696
0.275,0.12426200760167355,0.38553367664118804,0.046153846153846156
0.36346153846153845,0.1379869670493824,0.26691140843283756,0.275
0.31153846153846154,0.23894716280192815,0.2392461429369077,0.36346153846153845
0.04038461538461539,0.15305579084491155,0.06652862658750873,0.31153846153846154
0.4461538461538462,0.12245120887402203,0.08699470410287496,0.04038461538461539
0.0,0.20011311775931115,0.1740768330395751,0.4461538461538462
0.057692307692307696,0.10796687662290115,0.09050833532720132,0.0
0.0,0.059648377681455256,0.011853747325493217,0.057692307692307696
0.0019230769230769232,0.10947841824132273,0.013915831722298943,0.0
0.0019230769230769232,0.038887015813304476,0.015558592077429162,0.0019230769230769232
0.0057692307692307696,0.11030444829888324,0.016826360602302887,0.0019230769230769232
0.07115384615384616,0.04059136151098744,0.08191639654579908,0.0057692307692307696
0.3865384615384616,0.13321345617953467,0.38584806147213585,0.07115384615384616
0.26346153846153847,0.1777217162640505,0.2672257932637853,0.3865384615384616
0.23076923076923078,0.20548648885083093,0.23956052776785544,0.26346153846153847
0.04038461538461539,0.12180742198845154,0.0668430114184565,0.23076923076923078
0.0,0.12480744692903442,0.08730908893382273,0.04038461538461539
0.3596153846153846,0.037499541805688416,0.1743912178705229,0.0
0.057692307692307696,0.23777993722193094,0.09082272015814909,0.3596153846153846
0.0,0.06677659698151102,0.012168132156440989,0.057692307692307696
0.0019230769230769232,0.10837730042974572,0.014230216553246714,0.0
0.0019230769230769232,0.04114428842145515,0.015872976908376933,0.0019230769230769232
0.0057692307692307696,0.10955133342497456,0.017140745433250656,0.0019230769230769232
0.1,0.04241764741180451,0.08223078137674684,0.0057692307692307696
0.2557692307692308,0.14306087521355407,0.3861624463030836,0.1
0.2826923076923077,0.13676103071306148,0.26754017809473307,0.2557692307692308
0.2865384615384616,0.20526177774824417,0.2398749125988032,0.2826923076923077
0.04038461538461539,0.14343294157205255,0.06715739624940427,0.2865384615384616
0.0,0.12069866310423163,0.0876234737647705,0.04038461538461539
0.046153846153846156,0.04165931918907509,0.17470560270147067,0.0
0.057692307692307696,0.12584051097803256,0.09113710498909687,0.046153846153846156
0.0,0.06127840589222277,0.01248251698738877,0.057692307692307696
0.0019230769230769232,0.10710908668505788,0.014544601384194496,0.0
0.013461538461538462,0.04238960297502159,0.016187361739324717,0.0019230769230769232
0.0057692307692307696,0.107609395525136,0.01745513026419844,0.013461538461538462
0.11346153846153847,0.04696194791804352,0.08254516620769463,0.0057692307692307696
0.2557692307692308,0.13554957522710945,0.3864768311340314,0.11346153846153847
0.38461538461538464,0.13585997068924505,0.2678545629256809,0.2557692307692308
0.2576923076923077,0.24855080333323398,0.240189297429751,0.38461538461538464
0.04038461538461539,0.13628374764118079,0.06747178108035207,0.2576923076923077
0.0,0.1203443002850317,0.0879378585957183,0.04038461538461539
0.17307692307692307,0.03797944953578394,0.17501998753241846,0.0
0.08076923076923077,0.16842090104437457,0.09145148982004465,0.17307692307692307
0.0,0.06945310781381325,0.01279690181833655,0.08076923076923077
0.0038461538461538464,0.1063090585484332,0.014858986215142277,0.0
0.0019230769230769232,0.04324772945462439,0.016501746570272497,0.0038461538461538464
0.0057692307692307696,0.104631226641389,0.01776951509514622,0.0019230769230769232
0.05384615384615385,0.041138558193671265,0.08285955103864241,0.0057692307692307696
0.35192307692307695,0.1236715830698222,0.3867912159649792,0.05384615384615385
0.2230769230769231,0.16865309204546652,0.26816894775662864,0.35192307692307695
0.17115384615384616,0.1872597690406363,0.24050368226069876,0.2230769230769231
0.04038461538461539,0.10229224188276687,0.06778616591129982,0.17115384615384616
0.0,0.12119714828905723,0.08825224342666606,0.04038461538461539
0.0,0.03903836809163669,0.17533437236336621,0.0
0.057692307692307696,0.10597017333145844,0.09176587465099241,0.0
0.0,0.0627317299146046,0.013111286649284307,0.057692307692307696
0.0019230769230769232,0.1060004578127408,0.015173371046090033,0.0
0.0019230769230769232,0.043092811525311026,0.016816131401220253,0.0019230769230769232
0.0057692307692307696,0.10605139940379456,0.018083899926093976,0.0019230769230769232
0.06730769230769232,0.042834052939165645,0.08317393586959017,0.0057692307692307696
0.3096153846153847,0.12748538217444055,0.38710560079592693,0.06730769230769232
0.4846153846153846,0.15437296958852323,0.2684833325875764,0.3096153846153847
0.21730769230769234,0.28575556931476775,0.24081806709164652,0.4846153846153846
0.04038461538461539,0.1187763997109671,0.06810055074224758,0.21730769230769234
0.0,0.11888137437825537,0.08856662825761381,0.04038461538461539
0.6230769230769231,0.042201994973607215,0.17564875719431397,0.0
0.057692307692307696,0.3240171506100993,0.09208025948194017,0.6230769230769231
0.0,0.07658268923313122,0.013425671480232063,0.057692307692307696
0.0019230769230769232,0.09500746422521916,0.015487755877037788,0.0
0.0019230769230769232,0.057197748358835204,0.01713051623216801,0.0019230769230769232
0.0057692307692307696,0.09227113852400802,0.018398284757041732,0.0019230769230769232
0.046153846153846156,0.05832859639335397,0.08348832070053792,0.0057692307692307696
0.3269230769230769,0.1058789170561093,0.3874199856268747,0.046153846153846156
0.31923076923076926,0.16176073818416647,0.26879771741852415,0.3269230769230769
0.17115384615384616,0.2076741645995452,0.24113245192259428,0.31923076923076926
0.04038461538461539,0.11720044232606897,0.06841493557319533,0.17115384615384616
0.0,0.10778028963903055,0.08888101308856157,0.04038461538461539
0.05384615384615385,0.0558751959623901,0.17596314202526173,0.0
0.1826923076923077,0.1096471560229206,0.09239464431288792,0.05384615384615385
0.0,0.12292217258744528,0.013740056311179819,0.1826923076923077
0.0019230769230769232,0.09457209430496742,0.015802140707985544,0.0
0.0019230769230769232,0.054183997188099214,0.017444901063115765,0.0019230769230769232
0.0057692307692307696,0.09536849940109568,0.018712669587989488,0.0019230769230769232
0.046153846153846156,0.056397975283275045,0.08380270553148568,0.0057692307692307696
0.3557692307692308,0.10688181837254732,0.38773437045782244,0.046153846153846156
0.46730769230769237,0.17852519951320173,0.2691121022494719,0.3557692307692308
0.17115384615384616,0.2580961966105239,0.24144683675354203,0.46730769230769237
0.04038461538461539,0.12005797458786509,0.06872932040414309,0.17115384615384616
0.2,0.10008613127926007,0.08919539791950933,0.04038461538461539
0.0,0.12572309581557495,0.17627752685620948,0.2
0.21153846153846156,0.09246384003366545,0.09270902914383568,0.0
0.0,0.12480713389764252,0.014054441142127574,0.21153846153846156
0.0019230769230769232,0.09547014723333862,0.0161165255389333,0.0
0.0038461538461538464,0.044607535161150805,0.01775928589406352,0.0019230769230769232
0.0057692307692307696,0.10335385218042535,0.019027054418937244,0.0038461538461538464
0.07115384615384616,0.04453970102187238,0.08411709036243344,0.0057692307692307696
0.6826923076923077,0.12079726772466162,0.3880487552887702,0.07115384615384616
0.20576923076923076,0.2875742291017649,0.26942648708041966,0.6826923076923077
0.34423076923076923,0.1754344035542473,0.2417612215844898,0.20576923076923076
0.06346153846153846,0.16643685420107443,0.06904370523509085,0.34423076923076923
0.0,0.1270807027781924,0.08950978275045708,0.06346153846153846
0.0038461538461538464,0.042723987270076744,0.17659191168715724,0.0
0.06153846153846154,0.10560922771321894,0.09302341397478343,0.0038461538461538464
0.0,0.06424694602828945,0.01436882597307533,0.06153846153846154
0.0019230769230769232,0.1052015627990857,0.016430910369881056,0.0
0.0038461538461538464,0.041921525304515955,0.018073670725011277,0.0019230769230769232
0.0057692307692307696,0.10442738273387092,0.019341439249885,0.0038461538461538464
0.08461538461538462,0.04485681781217024,0.08443147519338119,0.0057692307692307696
0.47500000000000003,0.13070051521574585,0.38836314011971795,0.08461538461538462
0.17500000000000002,0.21338456189021998,0.2697408719113674,0.47500000000000003
0.17115384615384616,0.16273856885705817,0.24207560641543754,0.17500000000000002
0.04038461538461539,0.10284640236436576,0.0693580900660386,0.17115384615384616
0.5365384615384615,0.11885835821582737,0.08982416758140484,0.04038461538461539
0.0,0.23117569361650755,0.176906296518105,0.5365384615384615
0.09423076923076924,0.10681759074872679,0.09333779880573119,0.0
0.0,0.0744125481664919,0.014683210804023086,0.09423076923076924
0.0019230769230769232,0.10697785566931625,0.016745295200828812,0.0
0.0038461538461538464,0.041645344930115596,0.018388055555959033,0.0019230769230769232
0.0057692307692307696,0.1083785719538462,0.019655824080832756,0.0038461538461538464
0.05961538461538462,0.04361286563253508,0.08474586002432895,0.0057692307692307696
0.4403846153846154,0.1266238055838262,0.3886775249506657,0.05961538461538462
0.2923076923076923,0.19594299596552428,0.2700552567423152,0.4403846153846154
0.21730769230769234,0.21046124428323268,0.2423899912463853,0.2923076923076923
0.04807692307692308,0.11689683402472706,0.06967247489698636,0.21730769230769234
0.0,0.12240074330034559,0.0901385524123526,0.04807692307692308
0.0,0.0436184987238033,0.17722068134905275,0.0
0.07115384615384616,0.10748505720581657,0.09365218363667895,0.0
0.0,0.0651424575982826,0.014997595634970842,0.07115384615384616
0.0019230769230769232,0.10765913135206924,0.017059680031776568,0.0
0.0019230769230769232,0.04113949758908242,0.01870244038690679,0.0019230769230769232
0.0057692307692307696,0.10767110897715967,0.019970208911780512,0.0019230769230769232
0.046153846153846156,0.04262532910938967,0.0850602448552767,0.0057692307692307696
0.2730769230769231,0.12208950568526464,0.38899190978161347,0.046153846153846156
0.47692307692307695,0.13634985484295015,0.27036964157326293,0.2730769230769231
